-- MySQL dump 10.13  Distrib 5.5.45, for Linux (x86_64)
--
-- Host: localhost    Database: group12
-- ------------------------------------------------------
-- Server version	5.5.45

/*!40101 SET @OLD_CHARACTER_SET_CLIENT=@@CHARACTER_SET_CLIENT */;
/*!40101 SET @OLD_CHARACTER_SET_RESULTS=@@CHARACTER_SET_RESULTS */;
/*!40101 SET @OLD_COLLATION_CONNECTION=@@COLLATION_CONNECTION */;
/*!40101 SET NAMES utf8 */;
/*!40103 SET @OLD_TIME_ZONE=@@TIME_ZONE */;
/*!40103 SET TIME_ZONE='+00:00' */;
/*!40014 SET @OLD_UNIQUE_CHECKS=@@UNIQUE_CHECKS, UNIQUE_CHECKS=0 */;
/*!40014 SET @OLD_FOREIGN_KEY_CHECKS=@@FOREIGN_KEY_CHECKS, FOREIGN_KEY_CHECKS=0 */;
/*!40101 SET @OLD_SQL_MODE=@@SQL_MODE, SQL_MODE='NO_AUTO_VALUE_ON_ZERO' */;
/*!40111 SET @OLD_SQL_NOTES=@@SQL_NOTES, SQL_NOTES=0 */;

--
-- Table structure for table `Checkout`
--

DROP TABLE IF EXISTS `Checkout`;
/*!40101 SET @saved_cs_client     = @@character_set_client */;
/*!40101 SET character_set_client = utf8 */;
CREATE TABLE `Checkout` (
  `transaction_id` int(11) NOT NULL AUTO_INCREMENT,
  `original_total` decimal(10,2) DEFAULT NULL,
  `total_discount` decimal(10,2) DEFAULT NULL,
  `total_tax` decimal(10,2) DEFAULT NULL,
  `final_total` decimal(10,2) DEFAULT NULL,
  `date_of_purchase` timestamp NOT NULL DEFAULT CURRENT_TIMESTAMP ON UPDATE CURRENT_TIMESTAMP,
  `promotion_id` int(11) DEFAULT NULL,
  `order_id` int(11) DEFAULT NULL,
  PRIMARY KEY (`transaction_id`),
  KEY `promotion_id` (`promotion_id`),
  KEY `order_id` (`order_id`),
  CONSTRAINT `Checkout_ibfk_1` FOREIGN KEY (`promotion_id`) REFERENCES `Promotion` (`promotion_id`) ON DELETE CASCADE ON UPDATE CASCADE,
  CONSTRAINT `Checkout_ibfk_2` FOREIGN KEY (`order_id`) REFERENCES `Orders` (`order_id`) ON DELETE CASCADE ON UPDATE CASCADE
) ENGINE=InnoDB AUTO_INCREMENT=217 DEFAULT CHARSET=latin1;
/*!40101 SET character_set_client = @saved_cs_client */;

--
-- Dumping data for table `Checkout`
--

LOCK TABLES `Checkout` WRITE;
/*!40000 ALTER TABLE `Checkout` DISABLE KEYS */;
INSERT INTO `Checkout` VALUES (1,129.99,129.99,15.60,145.59,'2015-12-03 01:45:33',0,45),(2,129.99,129.99,15.60,145.59,'2015-12-03 01:47:38',0,46),(3,129.99,129.99,15.60,145.59,'2015-12-03 01:48:03',0,47),(4,129.99,129.99,15.60,145.59,'2015-12-03 01:48:32',0,48),(5,129.99,129.99,15.60,145.59,'2015-12-03 01:50:03',0,49),(6,129.99,129.99,15.60,145.59,'2015-12-03 01:52:31',0,50),(7,129.99,13.00,1.56,14.56,'2015-12-03 01:52:47',1,51),(8,129.99,116.99,1.56,14.56,'2015-12-03 01:56:34',1,52),(9,129.99,0.00,15.60,145.59,'2015-12-03 01:57:05',0,53),(10,129.99,0.00,15.60,145.59,'2015-12-03 02:00:56',0,54),(11,129.99,0.00,15.60,145.59,'2015-12-03 02:04:33',0,55),(12,129.99,0.00,15.60,145.59,'2015-12-03 02:04:52',0,56),(13,129.99,116.99,1.56,14.56,'2015-12-03 02:05:10',1,57),(14,129.99,0.00,15.60,145.59,'2015-12-03 02:17:16',0,62),(15,129.99,116.99,1.56,14.56,'2015-12-03 02:17:35',1,63),(16,129.99,116.99,1.56,14.56,'2015-12-03 02:17:50',1,64),(17,129.99,116.99,1.56,14.56,'2015-12-03 02:18:04',1,65),(18,129.99,0.00,15.60,145.59,'2015-12-03 02:18:18',0,66),(19,259.98,0.00,31.20,291.18,'2015-12-03 22:24:04',0,76),(20,259.98,0.00,31.20,291.18,'2015-12-03 22:25:42',0,77),(21,209.99,0.00,25.20,235.19,'2015-12-03 22:48:59',0,80),(22,0.00,0.00,0.00,0.00,'2015-12-03 22:51:08',0,82),(23,549.97,494.97,6.60,61.60,'2015-12-03 22:59:27',1,83),(24,0.00,0.00,0.00,0.00,'2015-12-04 00:07:15',0,84),(25,129.99,0.00,15.60,145.59,'2015-12-04 00:09:12',0,85),(26,259.98,0.00,31.20,291.18,'2015-12-04 00:10:03',0,87),(27,129.99,116.99,1.56,14.56,'2015-12-04 00:11:51',1,88),(28,129.99,0.00,15.60,145.59,'2015-12-04 01:35:43',0,103),(29,129.99,0.00,15.60,145.59,'2015-12-04 01:36:06',0,104),(30,129.99,0.00,15.60,145.59,'2015-12-04 01:36:19',0,105),(31,129.99,0.00,15.60,145.59,'2015-12-04 01:36:26',0,106),(32,129.99,0.00,15.60,145.59,'2015-12-04 01:39:35',0,107),(33,129.99,0.00,15.60,145.59,'2015-12-04 02:10:27',0,108),(34,129.99,0.00,15.60,145.59,'2015-12-04 02:13:14',0,109),(35,129.99,0.00,15.60,145.59,'2015-12-04 02:32:04',0,110),(36,129.99,0.00,15.60,145.59,'2015-12-04 02:42:27',0,112),(37,129.99,0.00,15.60,145.59,'2015-12-04 02:44:57',0,113),(38,129.99,116.99,1.56,14.56,'2015-12-04 02:54:30',1,115),(39,129.99,116.99,1.56,14.56,'2015-12-04 02:56:50',1,116),(40,129.99,116.99,1.56,14.56,'2015-12-04 03:03:31',1,118),(41,145.99,0.00,17.52,163.51,'2015-12-04 03:16:35',0,119),(42,129.99,116.99,1.56,14.56,'2015-12-04 03:25:45',1,120),(43,0.00,0.00,0.00,0.00,'2015-12-04 03:30:28',0,121),(44,129.99,0.00,15.60,145.59,'2015-12-04 03:30:37',0,122),(45,129.99,0.00,15.60,145.59,'2015-12-04 05:31:20',0,123),(46,129.99,0.00,15.60,145.59,'2015-12-04 05:42:23',0,129),(47,419.98,377.98,5.04,47.04,'2015-12-04 05:43:24',1,130),(48,0.00,0.00,0.00,0.00,'2015-12-04 05:47:12',0,131),(49,259.98,0.00,31.20,291.18,'2015-12-04 05:51:12',0,132),(50,129.99,0.00,15.60,145.59,'2015-12-04 05:51:28',0,134),(51,129.99,0.00,15.60,145.59,'2015-12-04 05:52:58',0,136),(52,129.99,0.00,15.60,145.59,'2015-12-04 05:55:37',0,139),(53,129.99,116.99,1.56,14.56,'2015-12-04 06:15:29',1,147),(54,0.00,0.00,0.00,0.00,'2015-12-04 06:18:34',0,148),(55,129.99,116.99,1.56,14.56,'2015-12-04 06:33:52',1,153),(56,129.99,0.00,15.60,145.59,'2015-12-04 06:44:53',0,156),(57,129.99,0.00,15.60,145.59,'2015-12-04 06:45:08',0,157),(58,129.99,0.00,15.60,145.59,'2015-12-04 06:46:45',0,158),(59,129.99,116.99,1.56,14.56,'2015-12-04 07:06:21',1,166),(60,259.98,0.00,31.20,291.18,'2015-12-04 07:09:59',0,168),(61,129.99,0.00,15.60,145.59,'2015-12-04 07:21:50',0,169),(62,129.99,0.00,15.60,145.59,'2015-12-04 07:23:08',0,170),(63,129.99,0.00,15.60,145.59,'2015-12-04 07:24:16',0,171),(64,209.99,0.00,25.20,235.19,'2015-12-04 07:24:54',0,172),(65,209.99,0.00,25.20,235.19,'2015-12-04 07:25:47',0,172),(66,129.99,0.00,15.60,145.59,'2015-12-04 07:29:01',0,173),(67,129.99,0.00,15.60,145.59,'2015-12-04 07:30:42',0,174),(68,129.99,0.00,15.60,145.59,'2015-12-04 07:30:56',0,175),(69,129.99,0.00,15.60,145.59,'2015-12-04 07:31:36',0,176),(70,129.99,0.00,15.60,145.59,'2015-12-04 07:33:41',0,177),(71,209.99,188.99,2.52,23.52,'2015-12-04 07:34:22',1,178),(72,129.99,0.00,15.60,145.59,'2015-12-04 07:34:59',0,179),(73,259.98,0.00,31.20,291.18,'2015-12-04 07:35:49',0,180),(74,129.99,0.00,15.60,145.59,'2015-12-04 07:37:09',0,181),(75,145.99,131.39,1.75,16.35,'2015-12-04 07:37:34',1,182),(76,129.99,0.00,15.60,145.59,'2015-12-04 07:38:42',0,183),(77,129.99,116.99,1.56,14.56,'2015-12-04 07:40:08',1,185),(78,275.98,248.38,3.31,30.91,'2015-12-04 07:40:10',1,184),(79,129.99,116.99,1.56,14.56,'2015-12-04 07:41:48',1,187),(80,259.98,233.98,3.12,29.12,'2015-12-04 07:42:10',1,188),(81,129.99,116.99,1.56,14.56,'2015-12-04 07:43:55',1,189),(82,259.98,0.00,31.20,291.18,'2015-12-04 07:44:23',0,190),(83,129.99,0.00,15.60,145.59,'2015-12-04 07:45:28',0,191),(84,129.99,116.99,1.56,14.56,'2015-12-04 07:47:39',1,192),(85,129.99,0.00,15.60,145.59,'2015-12-04 07:47:55',0,193),(86,129.99,0.00,15.60,145.59,'2015-12-04 07:49:30',0,194),(87,129.99,0.00,15.60,145.59,'2015-12-04 07:50:03',0,195),(88,129.99,0.00,15.60,145.59,'2015-12-04 07:50:56',0,196),(89,129.99,0.00,15.60,145.59,'2015-12-04 07:51:53',0,197),(90,129.99,0.00,15.60,145.59,'2015-12-04 07:54:33',0,198),(91,129.99,0.00,15.60,145.59,'2015-12-04 07:57:13',0,199),(92,129.99,0.00,15.60,145.59,'2015-12-04 07:58:28',0,200),(93,259.98,0.00,31.20,291.18,'2015-12-04 07:58:46',0,201),(94,209.99,0.00,25.20,235.19,'2015-12-04 08:00:12',0,202),(95,129.99,116.99,1.56,14.56,'2015-12-04 08:03:37',1,203),(96,129.99,0.00,15.60,145.59,'2015-12-04 08:06:44',0,204),(97,129.99,0.00,15.60,145.59,'2015-12-04 08:07:28',0,205),(98,129.99,0.00,15.60,145.59,'2015-12-04 08:08:17',0,206),(99,129.99,0.00,15.60,145.59,'2015-12-04 08:08:48',0,207),(100,129.99,0.00,15.60,145.59,'2015-12-04 08:09:48',0,208),(101,209.99,0.00,25.20,235.19,'2015-12-04 08:09:59',0,209),(102,129.99,0.00,15.60,145.59,'2015-12-04 08:11:17',0,210),(103,129.99,0.00,15.60,145.59,'2015-12-04 08:12:13',0,211),(104,129.99,0.00,15.60,145.59,'2015-12-04 08:14:20',0,212),(105,209.99,0.00,25.20,235.19,'2015-12-04 08:16:38',0,213),(106,129.99,116.99,1.56,14.56,'2015-12-04 08:16:46',1,214),(107,129.99,116.99,1.56,14.56,'2015-12-04 08:18:00',1,216),(108,129.99,0.00,15.60,145.59,'2015-12-04 08:18:15',0,217),(109,129.99,0.00,15.60,145.59,'2015-12-04 08:19:25',0,218),(110,129.99,0.00,15.60,145.59,'2015-12-04 08:20:25',0,219),(111,129.99,0.00,15.60,145.59,'2015-12-04 08:20:36',0,220),(112,129.99,0.00,15.60,145.59,'2015-12-04 08:20:46',0,221),(113,129.99,0.00,15.60,145.59,'2015-12-04 08:21:46',0,222),(114,129.99,0.00,15.60,145.59,'2015-12-04 08:22:33',0,223),(115,209.99,0.00,25.20,235.19,'2015-12-04 08:24:48',0,224),(116,129.99,116.99,1.56,14.56,'2015-12-04 08:25:37',1,225),(117,129.99,0.00,15.60,145.59,'2015-12-04 08:25:52',0,226),(118,129.99,0.00,15.60,145.59,'2015-12-04 08:27:31',0,227),(119,129.99,0.00,15.60,145.59,'2015-12-04 08:28:33',0,228),(120,129.99,0.00,15.60,145.59,'2015-12-04 08:37:18',0,229),(121,259.98,0.00,31.20,291.18,'2015-12-04 09:07:18',0,238),(122,389.97,0.00,46.80,436.77,'2015-12-04 09:08:35',0,239),(123,129.99,0.00,15.60,145.59,'2015-12-04 09:11:26',0,240),(124,259.98,0.00,31.20,291.18,'2015-12-04 09:12:06',0,241),(125,419.98,0.00,50.40,470.38,'2015-12-04 09:12:22',0,242),(126,129.99,0.00,15.60,145.59,'2015-12-04 09:14:16',0,243),(127,405.97,365.37,4.87,45.47,'2015-12-04 09:15:33',1,245),(128,389.97,0.00,46.80,436.77,'2015-12-04 09:15:56',0,246),(129,389.97,0.00,46.80,436.77,'2015-12-04 09:17:42',0,248),(130,209.99,0.00,25.20,235.19,'2015-12-04 09:18:37',0,249),(131,259.98,0.00,31.20,291.18,'2015-12-04 09:20:08',0,250),(132,129.99,0.00,15.60,145.59,'2015-12-04 09:21:22',0,252),(133,389.97,0.00,46.80,436.77,'2015-12-04 09:25:17',0,253),(134,275.98,0.00,33.12,309.10,'2015-12-04 09:26:08',0,254),(135,0.00,0.00,0.00,0.00,'2015-12-04 09:26:43',0,255),(136,129.99,0.00,15.60,145.59,'2015-12-04 09:27:36',0,256),(137,259.98,233.98,3.12,29.12,'2015-12-04 09:27:48',1,257),(138,339.98,305.98,4.08,38.08,'2015-12-04 09:28:40',1,258),(139,339.98,0.00,40.80,380.78,'2015-12-04 09:29:20',0,260),(140,1169.91,1052.92,14.04,131.03,'2015-12-04 09:30:10',1,261),(141,129.99,0.00,15.60,145.59,'2015-12-04 09:32:09',0,262),(142,129.99,116.99,1.56,14.56,'2015-12-04 09:45:55',1,263),(143,129.99,0.00,15.60,145.59,'2015-12-04 10:04:12',0,264),(144,259.98,0.00,31.20,291.18,'2015-12-04 10:22:19',0,265),(145,129.99,116.99,1.56,14.56,'2015-12-04 10:22:33',1,266),(146,339.98,305.98,4.08,38.08,'2015-12-04 10:23:38',1,267),(147,129.99,0.00,15.60,145.59,'2015-12-04 10:25:59',0,268),(148,129.99,0.00,15.60,145.59,'2015-12-04 10:27:25',0,269),(149,129.99,116.99,1.56,14.56,'2015-12-04 10:29:29',1,270),(150,129.99,116.99,1.56,14.56,'2015-12-04 10:32:08',1,271),(151,129.99,0.00,15.60,145.59,'2015-12-04 10:36:50',0,272),(152,129.99,116.99,1.56,14.56,'2015-12-04 10:37:01',1,273),(153,129.99,0.00,15.60,145.59,'2015-12-04 10:37:07',0,274),(154,129.99,0.00,15.60,145.59,'2015-12-04 10:37:26',0,275),(155,129.99,0.00,15.60,145.59,'2015-12-04 11:04:57',0,276),(156,129.99,116.99,1.56,14.56,'2015-12-04 11:06:52',1,277),(157,2099.90,1889.91,25.20,235.19,'2015-12-04 11:13:53',1,278),(158,129.99,116.99,1.56,14.56,'2015-12-04 11:14:19',1,279),(159,259.98,233.98,3.12,29.12,'2015-12-04 11:14:46',1,280),(160,145.99,0.00,17.52,163.51,'2015-12-04 11:15:18',0,281),(161,355.98,320.38,4.27,39.87,'2015-12-04 11:16:23',1,282),(162,145.99,0.00,17.52,163.51,'2015-12-04 11:16:50',0,283),(163,129.99,0.00,15.60,145.59,'2015-12-04 11:20:03',0,284),(164,145.99,0.00,17.52,163.51,'2015-12-04 11:21:04',0,285),(165,291.98,262.78,3.50,32.70,'2015-12-04 11:22:06',1,286),(166,209.99,0.00,25.20,235.19,'2015-12-04 11:26:27',0,287),(167,145.99,131.39,1.75,16.35,'2015-12-04 11:28:19',1,288),(168,145.99,0.00,17.52,163.51,'2015-12-04 11:28:40',0,289),(169,145.99,0.00,17.52,163.51,'2015-12-04 11:29:56',0,290),(170,145.99,131.39,1.75,16.35,'2015-12-04 11:33:05',1,291),(171,129.99,116.99,1.56,14.56,'2015-12-04 11:35:42',1,292),(172,129.99,0.00,15.60,145.59,'2015-12-04 11:41:33',0,293),(173,129.99,116.99,1.56,14.56,'2015-12-04 11:42:21',1,294),(174,129.99,0.00,15.60,145.59,'2015-12-04 11:43:45',0,295),(175,129.99,116.99,1.56,14.56,'2015-12-04 11:44:33',1,296),(176,145.99,0.00,17.52,163.51,'2015-12-04 11:44:41',0,297),(177,275.98,0.00,33.12,309.10,'2015-12-04 17:10:44',0,298),(178,209.99,188.99,2.52,23.52,'2015-12-04 17:11:42',1,299),(179,339.98,0.00,40.80,380.78,'2015-12-04 17:43:53',0,300),(180,129.99,116.99,1.56,14.56,'2015-12-04 18:36:32',1,301),(181,129.99,0.00,15.60,145.59,'2015-12-04 18:42:57',0,303),(182,275.98,248.38,3.31,30.91,'2015-12-04 18:44:08',1,304),(183,129.99,0.00,15.60,145.59,'2015-12-04 18:47:08',0,305),(184,129.99,116.99,1.56,14.56,'2015-12-04 18:56:39',1,306),(185,129.99,116.99,1.56,14.56,'2015-12-04 18:58:24',1,306),(186,129.99,116.99,1.56,14.56,'2015-12-04 18:59:42',1,307),(187,129.99,116.99,1.56,14.56,'2015-12-04 19:03:38',1,308),(188,129.99,116.99,1.56,14.56,'2015-12-04 19:04:30',1,309),(189,129.99,116.99,1.56,14.56,'2015-12-04 19:08:35',1,310),(190,129.99,116.99,1.56,14.56,'2015-12-04 19:42:23',1,311),(191,129.99,116.99,1.56,14.56,'2015-12-04 19:47:52',1,312),(192,129.99,116.99,1.56,14.56,'2015-12-04 19:48:41',1,313),(193,129.99,116.99,1.56,14.56,'2015-12-04 19:52:50',1,314),(194,469.97,422.97,5.64,52.64,'2015-12-04 19:57:25',1,315),(195,129.99,116.99,1.56,14.56,'2015-12-04 20:06:51',1,320),(196,129.99,116.99,1.56,14.56,'2015-12-04 20:09:35',1,321),(197,889.95,800.96,10.68,99.67,'2015-12-04 20:11:44',1,322),(198,209.99,188.99,2.52,23.52,'2015-12-04 20:12:43',1,323),(199,129.99,116.99,1.56,14.56,'2015-12-04 20:16:19',1,324),(200,695.96,626.36,8.35,77.95,'2015-12-04 20:18:17',1,325),(201,259.98,233.98,3.12,29.12,'2015-12-04 20:22:04',1,326),(202,421.97,379.77,5.06,47.26,'2015-12-04 20:30:00',1,327),(203,291.98,262.78,3.50,32.70,'2015-12-04 20:31:15',1,328),(204,145.99,131.39,1.75,16.35,'2015-12-04 20:37:06',1,329),(205,129.99,116.99,1.56,14.56,'2015-12-04 20:46:17',1,331),(206,405.97,365.37,4.87,45.47,'2015-12-04 20:46:37',1,332),(207,355.98,320.38,4.27,39.87,'2015-12-04 20:47:05',1,333),(208,129.99,0.00,15.60,145.59,'2015-12-04 20:47:26',0,334),(209,2649.87,2384.88,31.80,296.79,'2015-12-04 20:47:51',1,335),(210,421.97,379.77,5.06,47.26,'2015-12-04 20:48:41',1,337),(211,339.98,305.98,4.08,38.08,'2015-12-04 20:49:01',1,338),(212,275.98,248.38,3.31,30.91,'2015-12-04 20:49:45',1,339),(213,129.99,116.99,1.56,14.56,'2015-12-04 20:50:15',1,340),(214,129.99,116.99,1.56,14.56,'2015-12-04 20:50:40',1,341),(215,291.98,262.78,3.50,32.70,'2015-12-04 20:51:42',1,342),(216,583.96,525.56,7.01,65.40,'2015-12-04 21:05:57',1,343);
/*!40000 ALTER TABLE `Checkout` ENABLE KEYS */;
UNLOCK TABLES;

--
-- Table structure for table `Jersey`
--

DROP TABLE IF EXISTS `Jersey`;
/*!40101 SET @saved_cs_client     = @@character_set_client */;
/*!40101 SET character_set_client = utf8 */;
CREATE TABLE `Jersey` (
  `player_id` int(11) NOT NULL DEFAULT '0',
  `player_name` varchar(30) DEFAULT NULL,
  `player_team` varchar(30) DEFAULT NULL,
  `sport` char(15) DEFAULT NULL,
  `home_away` tinyint(1) DEFAULT NULL,
  `inventory` int(11) DEFAULT NULL,
  `price` decimal(10,2) DEFAULT NULL,
  `image` varchar(30) DEFAULT NULL,
  PRIMARY KEY (`player_id`)
) ENGINE=InnoDB DEFAULT CHARSET=latin1;
/*!40101 SET character_set_client = @saved_cs_client */;

--
-- Dumping data for table `Jersey`
--

LOCK TABLES `Jersey` WRITE;
/*!40000 ALTER TABLE `Jersey` DISABLE KEYS */;
INSERT INTO `Jersey` VALUES (1,'Lebron James','Cleveland Cavaliers','basketball',NULL,10,129.99,'LebronJames.png'),(2,'Chris Paul','New Orleans Hornets','basketball',NULL,10,129.99,'ChrisPaul.png'),(3,'Sidney Crosby','Pittsburg Penguins','hockey',NULL,10,209.99,'SidneyCrosby.png'),(4,'Dez Bryant','Dallas Cowboys','football',NULL,10,145.99,'DezBryant.png'),(5,'Aaron Rodgers','Green Bay Packers','football',NULL,10,145.99,'ARodgers.png'),(6,'Rob Gronkowski','New England Patriots','football',NULL,10,145.99,'RobGronk.png'),(7,'Tom Brady','New England Patriots','football',NULL,10,145.99,'Brady.png'),(8,'Antonio Brown','Pittsburg Steelers','football',NULL,10,145.99,'ABrown.png'),(9,'Ray Lewis','Baltimore Ravens','football',NULL,10,145.99,'RLewis.png'),(10,'Patrick Willis','San Francisco 49ers','football',NULL,10,145.99,'PWillis.png'),(11,'Adrian Peterson','Minnesota Vikings','football',NULL,10,145.99,'AP.png'),(12,'Darelle Revis','New York Jets','football',NULL,10,145.99,'DRevis.png'),(13,'Matt Forte','Chicago Bears','football',NULL,10,145.99,'MForte.png'),(14,'Marshawn Lynch','Seattle Seahawks','football',NULL,10,145.99,'MLynch.png'),(15,'Alex Ovechkin','Washington Capitals','hockey',NULL,10,209.99,'Ovi.png'),(16,'Taylor Hall','Edmonton Oilers','hockey',NULL,10,209.99,'Hall.png'),(17,'Patrick Kane','Chicago Blackhawks','hockey',NULL,10,209.99,'Kane.png'),(18,'Drew Doughty','Los Angeles Kings','hockey',NULL,10,209.99,'Doughty.png'),(19,'Ryan Getzlaf','Anaheim Ducks','hockey',NULL,10,209.99,'Getz.png'),(20,'Pavel Datsyuk','Detroit Redwings','hockey',NULL,10,209.99,'Datsyuk.png'),(21,'Shea Weber','Nashville Predators','hockey',NULL,10,209.99,'Weber.png'),(22,'Steven Stamkos','Tampa Bay Lightning','hockey',NULL,10,209.99,'Stamkos.png'),(23,'John Tavares','New York Islanders','hockey',NULL,10,209.99,'Tavares.png'),(24,'Henrik Lundqvist','New York Rangers','hockey',NULL,10,209.99,'Lundqvist.png'),(25,'Kobe Bryant','Los Angeles Lakers','basketball',NULL,10,129.99,'Kobe.png'),(26,'Michael Jordan','Chicago Bulls','basketball',NULL,10,129.99,'Jordan.png'),(27,'Dwayne Wade','Miami Heat','basketball',NULL,10,129.99,'Wade.png'),(28,'Tim Duncan','San Antonio Spurs','basketball',NULL,10,129.99,'Duncan.png'),(29,'Dirk Nowitzki','Dallas Mavericks','basketball',NULL,10,129.99,'Dirk.png'),(30,'Blake Griffin','Los Angeles Clippers','basketball',NULL,10,129.99,'Blake.png'),(31,'Carmelo Anthony','New York Knicks','basketball',NULL,10,129.99,'Melo.png'),(32,'DeMar DeRozan','Toronto Raptors','basketball',NULL,10,129.99,'DeMar.png'),(33,'Russell Westbrook','Oklahoma City Thunder','basketball',NULL,10,129.99,'Russ.png'),(34,'Lionel Messi','FC Barcelona','soccer',NULL,10,119.99,'Messi.png'),(35,'Cristiano Ronaldo','Real Madrid','soccer',NULL,10,119.99,'Ronaldo.png'),(36,'Wayne Rooney','Machester United','soccer',NULL,10,119.99,'Rooney.png'),(37,'Ruud Van Nistelrooy','Holland','soccer',NULL,10,119.99,'Nistel.png'),(38,'Thierry Henry','Arsenal','soccer',NULL,10,119.99,'Henry.png'),(39,'Steven Gerrard','Liverpool FC','soccer',NULL,10,119.99,'Gerrard.png'),(40,'Zlatan Ibrahimovic','Paris Saint-Germain FC','soccer',NULL,10,119.99,'Ibra.png'),(41,'Didier Drogba','Chelsea FC','soccer',NULL,10,119.99,'Drogba.png'),(42,'Ronaldo','Brazil','soccer',NULL,10,119.99,'Ronal.png'),(43,'Maradona','Argentina','soccer',NULL,10,119.99,'Maradona.png');
/*!40000 ALTER TABLE `Jersey` ENABLE KEYS */;
UNLOCK TABLES;

--
-- Table structure for table `OrderedProduct`
--

DROP TABLE IF EXISTS `OrderedProduct`;
/*!40101 SET @saved_cs_client     = @@character_set_client */;
/*!40101 SET character_set_client = utf8 */;
CREATE TABLE `OrderedProduct` (
  `order_id` int(11) NOT NULL DEFAULT '0',
  `player_id` int(11) NOT NULL DEFAULT '0',
  `price` decimal(10,2) DEFAULT NULL,
  `quantity` int(11) DEFAULT NULL,
  `size` char(2) DEFAULT NULL,
  PRIMARY KEY (`order_id`,`player_id`),
  KEY `player_id` (`player_id`),
  CONSTRAINT `OrderedProduct_ibfk_1` FOREIGN KEY (`order_id`) REFERENCES `Orders` (`order_id`) ON DELETE CASCADE ON UPDATE CASCADE,
  CONSTRAINT `OrderedProduct_ibfk_2` FOREIGN KEY (`player_id`) REFERENCES `Jersey` (`player_id`)
) ENGINE=InnoDB DEFAULT CHARSET=latin1;
/*!40101 SET character_set_client = @saved_cs_client */;

--
-- Dumping data for table `OrderedProduct`
--

LOCK TABLES `OrderedProduct` WRITE;
/*!40000 ALTER TABLE `OrderedProduct` DISABLE KEYS */;
INSERT INTO `OrderedProduct` VALUES (20,3,209.99,1,NULL),(20,4,145.99,1,NULL),(21,3,209.99,1,NULL),(22,1,129.99,2,NULL),(23,1,129.99,1,NULL),(26,1,129.99,1,NULL),(27,2,129.99,1,NULL),(28,1,129.99,1,NULL),(29,1,129.99,1,NULL),(30,1,129.99,1,NULL),(31,1,129.99,1,NULL),(32,1,129.99,1,NULL),(32,2,129.99,1,NULL),(32,8,145.99,1,NULL),(32,24,209.99,1,NULL),(33,5,145.99,1,NULL),(34,1,129.99,1,NULL),(35,2,129.99,1,NULL),(36,1,129.99,2,NULL),(36,5,145.99,1,NULL),(37,1,129.99,4,NULL),(38,1,129.99,1,NULL),(39,2,129.99,1,NULL),(40,1,129.99,1,NULL),(41,3,209.99,1,NULL),(42,1,129.99,2,NULL),(42,5,145.99,1,NULL),(43,2,129.99,1,NULL),(44,5,145.99,1,NULL),(45,6,145.99,1,NULL),(46,1,129.99,1,NULL),(47,2,129.99,1,NULL),(48,1,129.99,1,NULL),(49,1,129.99,1,NULL),(50,1,129.99,1,NULL),(51,7,145.99,1,NULL),(52,2,129.99,1,NULL),(53,5,145.99,1,NULL),(54,2,129.99,1,NULL),(55,1,129.99,3,NULL),(56,6,145.99,1,NULL),(57,7,145.99,1,NULL),(58,15,209.99,1,NULL),(59,1,129.99,1,NULL),(60,1,129.99,1,NULL),(61,1,129.99,1,NULL),(62,1,129.99,1,NULL),(63,5,145.99,1,NULL),(64,11,145.99,1,NULL),(65,12,145.99,1,NULL),(66,18,209.99,1,NULL),(67,1,129.99,1,NULL),(68,1,129.99,2,NULL),(69,1,129.99,1,NULL),(69,3,209.99,3,NULL),(70,1,129.99,5,NULL),(70,4,145.99,1,NULL),(71,1,129.99,1,NULL),(72,1,129.99,1,NULL),(73,1,129.99,1,NULL),(75,1,129.99,2,NULL),(75,6,145.99,1,NULL),(76,1,129.99,2,NULL),(77,1,129.99,2,NULL),(79,1,129.99,1,NULL),(80,3,209.99,1,NULL),(81,1,129.99,1,NULL),(83,1,129.99,1,NULL),(83,3,209.99,2,NULL),(85,1,129.99,1,NULL),(86,2,129.99,1,NULL),(87,1,129.99,1,NULL),(87,2,129.99,1,NULL),(88,1,129.99,1,NULL),(89,1,129.99,1,NULL),(90,1,129.99,1,NULL),(91,1,129.99,1,NULL),(92,1,129.99,1,NULL),(93,1,129.99,1,NULL),(94,1,129.99,1,NULL),(95,1,129.99,1,NULL),(96,1,129.99,1,NULL),(97,1,129.99,1,NULL),(97,2,129.99,1,NULL),(97,11,145.99,1,NULL),(98,1,129.99,1,NULL),(99,1,129.99,1,NULL),(100,1,129.99,1,NULL),(101,1,129.99,1,NULL),(102,1,129.99,1,NULL),(103,1,129.99,1,NULL),(104,1,129.99,1,NULL),(105,1,129.99,1,NULL),(106,2,129.99,1,NULL),(107,1,129.99,1,NULL),(108,1,129.99,1,NULL),(109,1,129.99,1,NULL),(110,1,129.99,1,NULL),(111,1,129.99,1,NULL),(112,1,129.99,1,NULL),(113,1,129.99,1,NULL),(114,1,129.99,1,NULL),(115,1,129.99,1,NULL),(116,1,129.99,1,NULL),(117,1,129.99,1,NULL),(118,1,129.99,1,NULL),(119,7,145.99,1,NULL),(120,29,129.99,1,NULL),(122,1,129.99,1,NULL),(123,1,129.99,1,NULL),(129,1,129.99,1,NULL),(130,3,209.99,2,NULL),(132,1,129.99,1,NULL),(132,2,129.99,1,NULL),(134,1,129.99,1,NULL),(136,1,129.99,1,NULL),(137,1,129.99,1,NULL),(139,1,129.99,1,NULL),(141,1,129.99,1,NULL),(142,1,129.99,1,NULL),(143,1,129.99,1,NULL),(144,2,129.99,1,NULL),(145,1,129.99,1,NULL),(146,1,129.99,1,NULL),(147,1,129.99,1,NULL),(149,2,129.99,1,NULL),(151,2,129.99,1,NULL),(152,1,129.99,1,NULL),(153,1,129.99,1,NULL),(154,1,129.99,1,NULL),(155,1,129.99,1,NULL),(156,1,129.99,1,NULL),(157,1,129.99,1,NULL),(158,1,129.99,1,NULL),(159,1,129.99,1,NULL),(160,3,209.99,1,NULL),(161,1,129.99,1,NULL),(162,2,129.99,1,NULL),(162,3,209.99,1,NULL),(163,2,129.99,1,NULL),(164,1,129.99,1,NULL),(165,3,209.99,1,NULL),(166,1,129.99,1,NULL),(168,2,129.99,2,NULL),(169,1,129.99,1,NULL),(170,1,129.99,1,NULL),(171,1,129.99,1,NULL),(172,3,209.99,1,NULL),(173,2,129.99,1,NULL),(174,2,129.99,1,NULL),(175,1,129.99,1,NULL),(176,2,129.99,1,NULL),(177,1,129.99,1,NULL),(178,3,209.99,1,NULL),(179,2,129.99,1,NULL),(180,1,129.99,1,NULL),(180,2,129.99,1,NULL),(181,2,129.99,1,NULL),(182,4,145.99,1,NULL),(183,1,129.99,1,NULL),(184,1,129.99,1,NULL),(184,5,145.99,1,NULL),(185,1,129.99,1,NULL),(186,1,129.99,1,NULL),(187,1,129.99,1,NULL),(188,1,129.99,1,NULL),(188,2,129.99,1,NULL),(189,1,129.99,1,NULL),(190,1,129.99,1,NULL),(190,2,129.99,1,NULL),(191,1,129.99,1,NULL),(192,1,129.99,1,NULL),(193,2,129.99,1,NULL),(194,2,129.99,1,NULL),(195,1,129.99,1,NULL),(196,1,129.99,1,NULL),(197,2,129.99,1,NULL),(198,1,129.99,1,NULL),(199,1,129.99,1,NULL),(200,1,129.99,1,NULL),(201,1,129.99,2,NULL),(202,3,209.99,1,NULL),(203,1,129.99,1,NULL),(204,1,129.99,1,NULL),(205,1,129.99,1,NULL),(206,2,129.99,1,NULL),(207,1,129.99,1,NULL),(208,1,129.99,1,NULL),(209,3,209.99,1,NULL),(210,1,129.99,1,NULL),(211,2,129.99,1,NULL),(212,1,129.99,1,NULL),(213,3,209.99,1,NULL),(214,1,129.99,1,NULL),(215,3,209.99,1,NULL),(215,7,145.99,1,NULL),(216,1,129.99,1,NULL),(217,1,129.99,1,NULL),(218,1,129.99,1,NULL),(219,1,129.99,1,NULL),(220,1,129.99,1,NULL),(221,1,129.99,1,NULL),(222,1,129.99,1,NULL),(223,1,129.99,1,NULL),(224,3,209.99,1,NULL),(225,1,129.99,1,NULL),(226,1,129.99,1,NULL),(227,1,129.99,1,NULL),(228,1,129.99,1,NULL),(229,1,129.99,1,NULL),(230,1,129.99,1,NULL),(231,1,129.99,1,NULL),(236,1,129.99,4,NULL),(236,2,129.99,1,NULL),(237,1,129.99,1,NULL),(238,1,129.99,2,NULL),(239,1,129.99,2,NULL),(239,2,129.99,1,NULL),(240,1,129.99,1,NULL),(241,1,129.99,2,NULL),(242,3,209.99,2,NULL),(243,1,129.99,1,NULL),(244,1,129.99,1,NULL),(245,2,129.99,2,NULL),(245,4,145.99,1,NULL),(246,1,129.99,3,NULL),(247,1,129.99,1,NULL),(248,1,129.99,3,NULL),(249,3,209.99,1,NULL),(250,1,129.99,2,NULL),(252,1,129.99,1,NULL),(253,1,129.99,2,NULL),(253,2,129.99,1,NULL),(254,1,129.99,1,NULL),(254,4,145.99,1,NULL),(256,1,129.99,1,NULL),(257,1,129.99,1,NULL),(257,2,129.99,1,NULL),(258,2,129.99,1,NULL),(258,3,209.99,1,NULL),(260,1,129.99,1,NULL),(260,3,209.99,1,NULL),(261,1,129.99,9,NULL),(262,1,129.99,1,NULL),(263,1,129.99,1,NULL),(264,1,129.99,1,NULL),(265,1,129.99,2,NULL),(266,2,129.99,1,NULL),(267,2,129.99,1,NULL),(267,21,209.99,1,NULL),(268,1,129.99,1,NULL),(269,1,129.99,1,NULL),(270,1,129.99,1,NULL),(271,1,129.99,1,NULL),(272,1,129.99,1,NULL),(273,1,129.99,1,NULL),(274,1,129.99,1,NULL),(275,2,129.99,1,NULL),(276,1,129.99,1,NULL),(277,1,129.99,1,NULL),(278,3,209.99,1,NULL),(278,15,209.99,1,NULL),(278,16,209.99,1,NULL),(278,17,209.99,1,NULL),(278,18,209.99,1,NULL),(278,19,209.99,1,NULL),(278,20,209.99,1,NULL),(278,21,209.99,1,NULL),(278,22,209.99,1,NULL),(278,23,209.99,1,NULL),(279,1,129.99,1,NULL),(280,1,129.99,1,NULL),(280,2,129.99,1,NULL),(281,4,145.99,1,NULL),(282,9,145.99,1,NULL),(282,15,209.99,1,NULL),(283,4,145.99,1,NULL),(284,2,129.99,1,NULL),(285,4,145.99,1,NULL),(286,5,145.99,1,NULL),(286,9,145.99,1,NULL),(287,3,209.99,1,NULL),(288,4,145.99,1,NULL),(289,7,145.99,1,NULL),(290,6,145.99,1,NULL),(291,8,145.99,1,NULL),(292,1,129.99,1,NULL),(293,2,129.99,1,NULL),(294,1,129.99,1,NULL),(295,1,129.99,1,NULL),(296,1,129.99,1,NULL),(297,10,145.99,1,NULL),(298,12,145.99,1,NULL),(298,30,129.99,1,NULL),(299,3,209.99,1,NULL),(300,1,129.99,1,NULL),(300,16,209.99,1,NULL),(301,1,129.99,1,NULL),(302,1,129.99,1,NULL),(303,1,129.99,1,NULL),(304,1,129.99,1,NULL),(304,9,145.99,1,NULL),(305,25,129.99,1,NULL),(306,1,129.99,1,NULL),(307,1,129.99,1,NULL),(308,2,129.99,1,NULL),(309,1,129.99,1,NULL),(310,1,129.99,1,NULL),(311,1,129.99,1,NULL),(312,1,129.99,1,NULL),(313,1,129.99,1,NULL),(314,1,129.99,1,NULL),(315,1,129.99,1,NULL),(315,2,129.99,1,NULL),(315,3,209.99,1,NULL),(316,3,209.99,3,NULL),(317,1,129.99,1,NULL),(318,1,129.99,1,NULL),(319,2,129.99,1,NULL),(320,1,129.99,1,NULL),(321,1,129.99,1,NULL),(322,1,129.99,2,NULL),(322,3,209.99,3,NULL),(323,3,209.99,1,NULL),(324,1,129.99,1,NULL),(325,1,129.99,1,NULL),(325,12,145.99,1,NULL),(325,15,209.99,1,NULL),(325,20,209.99,1,NULL),(326,1,129.99,2,NULL),(327,1,129.99,1,NULL),(327,7,145.99,2,NULL),(328,9,145.99,2,NULL),(329,13,145.99,1,NULL),(330,1,129.99,2,NULL),(331,1,129.99,1,NULL),(332,2,129.99,2,NULL),(332,4,145.99,1,NULL),(333,3,209.99,1,NULL),(333,4,145.99,1,NULL),(334,1,129.99,1,NULL),(335,2,129.99,1,NULL),(335,3,209.99,12,NULL),(336,1,129.99,1,NULL),(337,1,129.99,1,NULL),(337,6,145.99,1,NULL),(337,7,145.99,1,NULL),(338,1,129.99,1,NULL),(338,3,209.99,1,NULL),(339,1,129.99,1,NULL),(339,7,145.99,1,NULL),(340,1,129.99,1,NULL),(341,1,129.99,1,NULL),(342,8,145.99,2,NULL),(343,5,145.99,4,NULL);
/*!40000 ALTER TABLE `OrderedProduct` ENABLE KEYS */;
UNLOCK TABLES;

--
-- Table structure for table `Orders`
--

DROP TABLE IF EXISTS `Orders`;
/*!40101 SET @saved_cs_client     = @@character_set_client */;
/*!40101 SET character_set_client = utf8 */;
CREATE TABLE `Orders` (
  `order_id` int(11) NOT NULL AUTO_INCREMENT,
  `user_id` int(11) DEFAULT NULL,
  `total_amount` decimal(10,2) DEFAULT NULL,
  `date_of_purchase` timestamp NOT NULL DEFAULT CURRENT_TIMESTAMP ON UPDATE CURRENT_TIMESTAMP,
  PRIMARY KEY (`order_id`),
  KEY `user_id` (`user_id`),
  CONSTRAINT `Orders_ibfk_1` FOREIGN KEY (`user_id`) REFERENCES `User` (`user_id`)
) ENGINE=InnoDB AUTO_INCREMENT=344 DEFAULT CHARSET=latin1;
/*!40101 SET character_set_client = @saved_cs_client */;

--
-- Dumping data for table `Orders`
--

LOCK TABLES `Orders` WRITE;
/*!40000 ALTER TABLE `Orders` DISABLE KEYS */;
INSERT INTO `Orders` VALUES (20,60,355.98,'2015-12-02 01:22:36'),(21,60,209.99,'2015-12-02 01:43:55'),(22,60,259.98,'2015-12-02 02:19:45'),(23,60,129.99,'2015-12-02 02:23:56'),(24,60,0.00,'2015-12-02 03:21:26'),(25,60,0.00,'2015-12-02 03:32:24'),(26,60,129.99,'2015-12-02 03:32:29'),(27,60,129.99,'2015-12-02 03:33:44'),(28,60,129.99,'2015-12-02 03:35:36'),(29,60,129.99,'2015-12-02 03:35:49'),(30,24,129.99,'2015-12-02 21:03:46'),(31,24,129.99,'2015-12-02 21:05:26'),(32,24,615.96,'2015-12-02 21:38:20'),(33,24,145.99,'2015-12-03 00:13:00'),(34,24,129.99,'2015-12-03 00:40:09'),(35,24,129.99,'2015-12-03 00:40:19'),(36,24,405.97,'2015-12-03 01:11:59'),(37,24,519.96,'2015-12-03 01:24:57'),(38,24,129.99,'2015-12-03 01:25:21'),(39,24,129.99,'2015-12-03 01:26:21'),(40,24,129.99,'2015-12-03 01:27:23'),(41,24,209.99,'2015-12-03 01:31:51'),(42,60,405.97,'2015-12-03 01:33:43'),(43,24,129.99,'2015-12-03 01:34:05'),(44,24,145.99,'2015-12-03 01:41:36'),(45,24,145.99,'2015-12-03 01:45:31'),(46,24,129.99,'2015-12-03 01:47:37'),(47,24,129.99,'2015-12-03 01:48:02'),(48,24,129.99,'2015-12-03 01:48:30'),(49,24,129.99,'2015-12-03 01:50:02'),(50,24,129.99,'2015-12-03 01:52:30'),(51,24,145.99,'2015-12-03 01:52:44'),(52,24,129.99,'2015-12-03 01:56:25'),(53,24,145.99,'2015-12-03 01:56:48'),(54,24,129.99,'2015-12-03 02:00:51'),(55,24,389.97,'2015-12-03 02:04:32'),(56,24,145.99,'2015-12-03 02:04:49'),(57,24,145.99,'2015-12-03 02:05:07'),(58,24,209.99,'2015-12-03 02:05:24'),(59,24,129.99,'2015-12-03 02:09:16'),(60,24,129.99,'2015-12-03 02:10:47'),(61,24,129.99,'2015-12-03 02:11:56'),(62,24,129.99,'2015-12-03 02:17:15'),(63,24,145.99,'2015-12-03 02:17:31'),(64,24,145.99,'2015-12-03 02:17:47'),(65,24,145.99,'2015-12-03 02:18:01'),(66,24,209.99,'2015-12-03 02:18:15'),(67,60,129.99,'2015-12-03 07:53:16'),(68,60,259.98,'2015-12-03 07:54:07'),(69,60,759.96,'2015-12-03 08:29:10'),(70,24,795.94,'2015-12-03 14:15:02'),(71,60,129.99,'2015-12-03 21:33:28'),(72,60,129.99,'2015-12-03 21:53:43'),(73,60,129.99,'2015-12-03 21:59:47'),(74,60,0.00,'2015-12-03 22:07:04'),(75,60,405.97,'2015-12-03 22:12:43'),(76,60,259.98,'2015-12-03 22:24:03'),(77,60,259.98,'2015-12-03 22:25:37'),(78,60,0.00,'2015-12-03 22:26:56'),(79,60,129.99,'2015-12-03 22:41:59'),(80,60,209.99,'2015-12-03 22:48:13'),(81,60,129.99,'2015-12-03 22:50:51'),(82,60,0.00,'2015-12-03 22:50:58'),(83,60,549.97,'2015-12-03 22:59:24'),(84,24,0.00,'2015-12-04 00:07:09'),(85,24,129.99,'2015-12-04 00:09:09'),(86,24,129.99,'2015-12-04 00:09:38'),(87,24,259.98,'2015-12-04 00:10:00'),(88,24,129.99,'2015-12-04 00:11:46'),(89,24,129.99,'2015-12-04 00:51:46'),(90,24,129.99,'2015-12-04 00:53:13'),(91,24,129.99,'2015-12-04 00:57:04'),(92,24,129.99,'2015-12-04 00:58:33'),(93,24,129.99,'2015-12-04 01:01:23'),(94,24,129.99,'2015-12-04 01:03:13'),(95,24,129.99,'2015-12-04 01:03:55'),(96,24,129.99,'2015-12-04 01:04:50'),(97,24,405.97,'2015-12-04 01:05:16'),(98,24,129.99,'2015-12-04 01:05:21'),(99,24,129.99,'2015-12-04 01:05:51'),(100,24,129.99,'2015-12-04 01:25:15'),(101,24,129.99,'2015-12-04 01:31:51'),(102,24,129.99,'2015-12-04 01:34:12'),(103,24,129.99,'2015-12-04 01:35:41'),(104,24,129.99,'2015-12-04 01:36:00'),(105,24,129.99,'2015-12-04 01:36:15'),(106,24,129.99,'2015-12-04 01:36:25'),(107,24,129.99,'2015-12-04 01:39:33'),(108,60,129.99,'2015-12-04 02:10:24'),(109,60,129.99,'2015-12-04 02:13:12'),(110,60,129.99,'2015-12-04 02:29:05'),(111,60,129.99,'2015-12-04 02:39:43'),(112,60,129.99,'2015-12-04 02:42:25'),(113,60,129.99,'2015-12-04 02:43:48'),(114,24,129.99,'2015-12-04 02:51:23'),(115,24,129.99,'2015-12-04 02:54:20'),(116,24,129.99,'2015-12-04 02:56:47'),(117,24,129.99,'2015-12-04 02:56:57'),(118,60,129.99,'2015-12-04 03:03:22'),(119,60,145.99,'2015-12-04 03:16:32'),(120,71,129.99,'2015-12-04 03:23:17'),(121,71,0.00,'2015-12-04 03:30:26'),(122,71,129.99,'2015-12-04 03:30:35'),(123,60,129.99,'2015-12-04 05:31:19'),(124,60,0.00,'2015-12-04 05:36:23'),(125,60,0.00,'2015-12-04 05:40:11'),(126,60,0.00,'2015-12-04 05:40:34'),(127,60,0.00,'2015-12-04 05:42:07'),(128,60,0.00,'2015-12-04 05:42:10'),(129,60,129.99,'2015-12-04 05:42:19'),(130,60,419.98,'2015-12-04 05:43:19'),(131,60,0.00,'2015-12-04 05:47:10'),(132,60,259.98,'2015-12-04 05:51:08'),(133,60,0.00,'2015-12-04 05:51:19'),(134,60,129.99,'2015-12-04 05:51:26'),(135,60,0.00,'2015-12-04 05:52:24'),(136,60,129.99,'2015-12-04 05:52:57'),(137,60,129.99,'2015-12-04 05:53:04'),(138,60,0.00,'2015-12-04 05:54:30'),(139,60,129.99,'2015-12-04 05:55:35'),(140,60,0.00,'2015-12-04 05:55:45'),(141,60,129.99,'2015-12-04 05:56:24'),(142,60,129.99,'2015-12-04 06:00:28'),(143,60,129.99,'2015-12-04 06:04:02'),(144,60,129.99,'2015-12-04 06:04:38'),(145,60,129.99,'2015-12-04 06:08:00'),(146,60,129.99,'2015-12-04 06:12:12'),(147,60,129.99,'2015-12-04 06:14:21'),(148,60,0.00,'2015-12-04 06:16:58'),(149,60,129.99,'2015-12-04 06:18:40'),(150,60,0.00,'2015-12-04 06:20:27'),(151,60,129.99,'2015-12-04 06:20:33'),(152,60,129.99,'2015-12-04 06:22:06'),(153,60,129.99,'2015-12-04 06:33:02'),(154,60,129.99,'2015-12-04 06:35:23'),(155,60,129.99,'2015-12-04 06:41:47'),(156,60,129.99,'2015-12-04 06:42:31'),(157,60,129.99,'2015-12-04 06:45:05'),(158,60,129.99,'2015-12-04 06:46:38'),(159,60,129.99,'2015-12-04 06:48:08'),(160,60,209.99,'2015-12-04 06:51:12'),(161,60,129.99,'2015-12-04 06:51:29'),(162,60,339.98,'2015-12-04 06:52:45'),(163,60,129.99,'2015-12-04 06:57:23'),(164,60,129.99,'2015-12-04 06:59:30'),(165,60,209.99,'2015-12-04 07:03:40'),(166,60,129.99,'2015-12-04 07:05:56'),(167,60,0.00,'2015-12-04 07:06:39'),(168,60,259.98,'2015-12-04 07:09:52'),(169,60,129.99,'2015-12-04 07:21:49'),(170,60,129.99,'2015-12-04 07:23:06'),(171,60,129.99,'2015-12-04 07:24:14'),(172,60,209.99,'2015-12-04 07:24:52'),(173,60,129.99,'2015-12-04 07:29:00'),(174,60,129.99,'2015-12-04 07:30:40'),(175,60,129.99,'2015-12-04 07:30:54'),(176,60,129.99,'2015-12-04 07:31:35'),(177,60,129.99,'2015-12-04 07:33:35'),(178,60,209.99,'2015-12-04 07:34:07'),(179,60,129.99,'2015-12-04 07:34:57'),(180,24,259.98,'2015-12-04 07:35:47'),(181,60,129.99,'2015-12-04 07:37:07'),(182,24,145.99,'2015-12-04 07:37:27'),(183,60,129.99,'2015-12-04 07:38:41'),(184,24,275.98,'2015-12-04 07:40:05'),(185,60,129.99,'2015-12-04 07:40:05'),(186,24,129.99,'2015-12-04 07:41:39'),(187,60,129.99,'2015-12-04 07:41:45'),(188,60,259.98,'2015-12-04 07:42:07'),(189,60,129.99,'2015-12-04 07:43:51'),(190,24,259.98,'2015-12-04 07:44:20'),(191,24,129.99,'2015-12-04 07:45:26'),(192,60,129.99,'2015-12-04 07:47:35'),(193,60,129.99,'2015-12-04 07:47:54'),(194,60,129.99,'2015-12-04 07:49:28'),(195,60,129.99,'2015-12-04 07:50:01'),(196,60,129.99,'2015-12-04 07:50:55'),(197,60,129.99,'2015-12-04 07:51:51'),(198,60,129.99,'2015-12-04 07:54:31'),(199,60,129.99,'2015-12-04 07:57:12'),(200,60,129.99,'2015-12-04 07:58:27'),(201,24,259.98,'2015-12-04 07:58:44'),(202,60,209.99,'2015-12-04 08:00:10'),(203,24,129.99,'2015-12-04 08:03:32'),(204,60,129.99,'2015-12-04 08:06:42'),(205,60,129.99,'2015-12-04 08:07:27'),(206,60,129.99,'2015-12-04 08:08:16'),(207,60,129.99,'2015-12-04 08:08:46'),(208,24,129.99,'2015-12-04 08:09:46'),(209,60,209.99,'2015-12-04 08:09:58'),(210,60,129.99,'2015-12-04 08:11:15'),(211,60,129.99,'2015-12-04 08:12:11'),(212,60,129.99,'2015-12-04 08:14:19'),(213,60,209.99,'2015-12-04 08:16:37'),(214,24,129.99,'2015-12-04 08:16:40'),(215,60,355.98,'2015-12-04 08:17:35'),(216,60,129.99,'2015-12-04 08:17:53'),(217,60,129.99,'2015-12-04 08:18:09'),(218,60,129.99,'2015-12-04 08:18:25'),(219,60,129.99,'2015-12-04 08:20:24'),(220,60,129.99,'2015-12-04 08:20:33'),(221,60,129.99,'2015-12-04 08:20:44'),(222,60,129.99,'2015-12-04 08:21:45'),(223,60,129.99,'2015-12-04 08:22:32'),(224,60,209.99,'2015-12-04 08:24:46'),(225,24,129.99,'2015-12-04 08:25:33'),(226,24,129.99,'2015-12-04 08:25:49'),(227,60,129.99,'2015-12-04 08:27:30'),(228,60,129.99,'2015-12-04 08:28:31'),(229,60,129.99,'2015-12-04 08:37:16'),(230,60,129.99,'2015-12-04 08:37:32'),(231,60,129.99,'2015-12-04 08:37:44'),(232,60,0.00,'2015-12-04 08:38:37'),(233,60,0.00,'2015-12-04 08:40:50'),(234,60,0.00,'2015-12-04 08:42:41'),(235,60,0.00,'2015-12-04 08:44:31'),(236,60,649.95,'2015-12-04 09:03:45'),(237,60,129.99,'2015-12-04 09:07:07'),(238,60,259.98,'2015-12-04 09:07:16'),(239,60,389.97,'2015-12-04 09:08:33'),(240,60,129.99,'2015-12-04 09:11:20'),(241,60,259.98,'2015-12-04 09:12:04'),(242,60,419.98,'2015-12-04 09:12:21'),(243,60,129.99,'2015-12-04 09:14:14'),(244,60,129.99,'2015-12-04 09:15:04'),(245,60,405.97,'2015-12-04 09:15:25'),(246,24,389.97,'2015-12-04 09:15:53'),(247,60,129.99,'2015-12-04 09:15:58'),(248,60,389.97,'2015-12-04 09:17:41'),(249,60,209.99,'2015-12-04 09:18:35'),(250,60,259.98,'2015-12-04 09:20:03'),(251,60,0.00,'2015-12-04 09:21:09'),(252,24,129.99,'2015-12-04 09:21:19'),(253,60,389.97,'2015-12-04 09:25:14'),(254,60,275.98,'2015-12-04 09:26:06'),(255,60,0.00,'2015-12-04 09:26:41'),(256,60,129.99,'2015-12-04 09:27:32'),(257,60,259.98,'2015-12-04 09:27:44'),(258,60,339.98,'2015-12-04 09:28:35'),(259,60,0.00,'2015-12-04 09:29:00'),(260,60,339.98,'2015-12-04 09:29:18'),(261,60,1169.91,'2015-12-04 09:30:00'),(262,60,129.99,'2015-12-04 09:32:05'),(263,60,129.99,'2015-12-04 09:45:51'),(264,24,129.99,'2015-12-04 10:04:10'),(265,24,259.98,'2015-12-04 10:22:16'),(266,24,129.99,'2015-12-04 10:22:29'),(267,24,339.98,'2015-12-04 10:23:31'),(268,24,129.99,'2015-12-04 10:25:57'),(269,24,129.99,'2015-12-04 10:27:21'),(270,72,129.99,'2015-12-04 10:29:23'),(271,72,129.99,'2015-12-04 10:32:03'),(272,24,129.99,'2015-12-04 10:36:47'),(273,60,129.99,'2015-12-04 10:36:57'),(274,24,129.99,'2015-12-04 10:37:06'),(275,24,129.99,'2015-12-04 10:37:24'),(276,24,129.99,'2015-12-04 11:04:55'),(277,24,129.99,'2015-12-04 11:06:47'),(278,72,2099.90,'2015-12-04 11:13:47'),(279,24,129.99,'2015-12-04 11:14:15'),(280,72,259.98,'2015-12-04 11:14:41'),(281,92,145.99,'2015-12-04 11:15:13'),(282,93,355.98,'2015-12-04 11:16:16'),(283,24,145.99,'2015-12-04 11:16:48'),(284,24,129.99,'2015-12-04 11:20:01'),(285,94,145.99,'2015-12-04 11:21:02'),(286,95,291.98,'2015-12-04 11:22:02'),(287,24,209.99,'2015-12-04 11:26:26'),(288,96,145.99,'2015-12-04 11:28:15'),(289,24,145.99,'2015-12-04 11:28:39'),(290,24,145.99,'2015-12-04 11:29:52'),(291,24,145.99,'2015-12-04 11:32:59'),(292,60,129.99,'2015-12-04 11:35:39'),(293,97,129.99,'2015-12-04 11:41:31'),(294,97,129.99,'2015-12-04 11:42:15'),(295,60,129.99,'2015-12-04 11:43:08'),(296,60,129.99,'2015-12-04 11:44:20'),(297,24,145.99,'2015-12-04 11:44:39'),(298,24,275.98,'2015-12-04 17:10:42'),(299,24,209.99,'2015-12-04 17:11:37'),(300,24,339.98,'2015-12-04 17:43:51'),(301,24,129.99,'2015-12-04 18:34:35'),(302,24,129.99,'2015-12-04 18:37:14'),(303,24,129.99,'2015-12-04 18:42:47'),(304,24,275.98,'2015-12-04 18:43:39'),(305,24,129.99,'2015-12-04 18:47:03'),(306,24,129.99,'2015-12-04 18:56:34'),(307,24,129.99,'2015-12-04 18:59:39'),(308,24,129.99,'2015-12-04 19:03:34'),(309,24,129.99,'2015-12-04 19:04:24'),(310,24,129.99,'2015-12-04 19:08:32'),(311,24,129.99,'2015-12-04 19:22:40'),(312,24,129.99,'2015-12-04 19:47:49'),(313,24,129.99,'2015-12-04 19:48:37'),(314,24,129.99,'2015-12-04 19:52:47'),(315,24,469.97,'2015-12-04 19:57:19'),(316,70,629.97,'2015-12-04 20:06:12'),(317,70,129.99,'2015-12-04 20:06:16'),(318,24,129.99,'2015-12-04 20:06:29'),(319,70,129.99,'2015-12-04 20:06:32'),(320,60,129.99,'2015-12-04 20:06:44'),(321,70,129.99,'2015-12-04 20:09:30'),(322,99,889.95,'2015-12-04 20:11:41'),(323,100,209.99,'2015-12-04 20:12:15'),(324,101,129.99,'2015-12-04 20:16:17'),(325,99,695.96,'2015-12-04 20:18:12'),(326,102,259.98,'2015-12-04 20:21:30'),(327,103,421.97,'2015-12-04 20:29:56'),(328,104,291.98,'2015-12-04 20:31:09'),(329,105,145.99,'2015-12-04 20:37:02'),(330,60,259.98,'2015-12-04 20:45:59'),(331,60,129.99,'2015-12-04 20:46:14'),(332,60,405.97,'2015-12-04 20:46:34'),(333,60,355.98,'2015-12-04 20:47:00'),(334,106,129.99,'2015-12-04 20:47:25'),(335,60,2649.87,'2015-12-04 20:47:48'),(336,60,129.99,'2015-12-04 20:48:14'),(337,107,421.97,'2015-12-04 20:48:38'),(338,60,339.98,'2015-12-04 20:48:57'),(339,60,275.98,'2015-12-04 20:49:40'),(340,60,129.99,'2015-12-04 20:50:08'),(341,60,129.99,'2015-12-04 20:50:35'),(342,108,291.98,'2015-12-04 20:51:39'),(343,109,583.96,'2015-12-04 21:05:32');
/*!40000 ALTER TABLE `Orders` ENABLE KEYS */;
UNLOCK TABLES;

--
-- Table structure for table `Promotion`
--

DROP TABLE IF EXISTS `Promotion`;
/*!40101 SET @saved_cs_client     = @@character_set_client */;
/*!40101 SET character_set_client = utf8 */;
CREATE TABLE `Promotion` (
  `promotion_id` int(11) NOT NULL DEFAULT '0',
  `promotion_amount` decimal(3,2) DEFAULT NULL,
  PRIMARY KEY (`promotion_id`)
) ENGINE=InnoDB DEFAULT CHARSET=latin1;
/*!40101 SET character_set_client = @saved_cs_client */;

--
-- Dumping data for table `Promotion`
--

LOCK TABLES `Promotion` WRITE;
/*!40000 ALTER TABLE `Promotion` DISABLE KEYS */;
INSERT INTO `Promotion` VALUES (0,0.00),(1,0.90);
/*!40000 ALTER TABLE `Promotion` ENABLE KEYS */;
UNLOCK TABLES;

--
-- Table structure for table `User`
--

DROP TABLE IF EXISTS `User`;
/*!40101 SET @saved_cs_client     = @@character_set_client */;
/*!40101 SET character_set_client = utf8 */;
CREATE TABLE `User` (
  `user_id` int(11) NOT NULL AUTO_INCREMENT,
  `first_name` varchar(15) DEFAULT NULL,
  `last_name` varchar(15) DEFAULT NULL,
  `email` varchar(30) DEFAULT NULL,
  `street_address` varchar(20) DEFAULT NULL,
  `province` char(2) DEFAULT NULL,
  `pass` varchar(15) DEFAULT NULL,
  `admin` tinyint(1) DEFAULT NULL,
  `city` varchar(20) DEFAULT NULL,
  PRIMARY KEY (`user_id`)
) ENGINE=InnoDB AUTO_INCREMENT=110 DEFAULT CHARSET=latin1;
/*!40101 SET character_set_client = @saved_cs_client */;

--
-- Dumping data for table `User`
--

LOCK TABLES `User` WRITE;
/*!40000 ALTER TABLE `User` DISABLE KEYS */;
INSERT INTO `User` VALUES (24,'Ams','testing','example123@gmail.com','123 street Rd','BC','1',NULL,'Kelowna'),(60,'Becca','Hembling','rhembling@hotmail.ca','11039 Lodge Road','BC','test',NULL,'Lake Country'),(61,'Becca','Hembling','','123','BC','test',NULL,'Lake Country'),(64,'Ams','testing','a','123 street Rd','BC','b',NULL,'Kelowna'),(65,NULL,NULL,NULL,NULL,NULL,NULL,NULL,NULL),(66,'','','','','','',NULL,''),(67,'','','','','','',NULL,''),(68,'Test','Test','test@test.com','11111','BC','test',NULL,'Kelowna'),(69,'','','','','','',NULL,''),(70,'Becs','test','test@hotmail.com','test','bc','test',NULL,'test'),(71,'test2','test2','test2@hotmail.ca','a','a','test',NULL,'a'),(72,'Gurpreet','Nijjar','gurpreet.nijjar88@gmail.com','5966 137 A Street','BC','hello',NULL,'Surrey'),(73,'Anthony','Obeta','choobey21@gmail.com','1088 sunset drive','AB','test',NULL,'calgary'),(74,'Anthony','Obeta','choobey21@gmail.com','1088 sunset drive','AB','test',NULL,'calgary'),(75,'Anthony','Obeta','choobey21@gmail.com','1088 sunset drive','BC','test',NULL,'calgary'),(76,'Anthony','Obeta','choobey21@gmail.com','1088 sunset drive','BC','test',NULL,'calgary'),(77,'Anthony','Obeta','choobey21@gmail.com','1088 sunset drive','BC','test',NULL,'calgary'),(78,'Anthony','Obeta','choobey21@gmail.com','1088 sunset drive','BC','test',NULL,'calgary'),(79,'Anthony','Obeta','choobey21@gmail.com','1088 sunset drive','BC','test',NULL,'calgary'),(80,'Anthony','Obeta','choobey21@gmail.com','1088 sunset drive','BC','test',NULL,'calgary'),(81,'Anthony','Obeta','choobey21@gmail.com','1088 sunset drive','BC','test',NULL,'calgary'),(82,'Anthony','Obeta','choobey21@gmail.com','1088 sunset drive','BC','test',NULL,'calgary'),(83,'Eduardo','Pablo','priyo11@hotmail.com','1355 Findlay Road','BC','tuansabitch',NULL,'Kelowna'),(84,'','','','','','',NULL,''),(85,'','','','','','',NULL,''),(86,'Test','Tester','test123@gmail.com','121 Bello Rd','BC','hello',NULL,'Kelowna'),(87,'a','b','a','1234','BC','5',NULL,'Ktown'),(88,'a','b','amrit@gmail.com','a','a','6',NULL,'a'),(89,'a','b','amrit004@gmail.com','','','1',NULL,''),(90,'a','b','amrit004','a@gmail.com','','1',NULL,''),(91,'a','b','amrit@gmail.com','s','s','1',NULL,'s'),(92,'a','b','asd@gmail.com','s','s','12',NULL,'s'),(93,'e','r','num@mgail.com','d','d','23',NULL,'d'),(94,'a','b','run@gmail.com','f','f','1',NULL,'f'),(95,'w','e','fgh@gmail.com','','','w',NULL,''),(96,'t','y','asdfg@gmail.com','h','h','1',NULL,'h'),(97,'j','n','legitz@gmail.com','1','3','4',NULL,'2'),(98,'','','','','','',NULL,''),(99,'abc','abc','abc123@gmail.com','abc','ab','hello',NULL,'abc'),(100,'lkj','asd','rtp@gmail.com','7','9','1',NULL,'8'),(101,'Barbie','Doll','barbie@gmail.com','test','te','hello',NULL,'test'),(102,'fresh','prince','freshprince@live.ca','199 jersey world','BA','test',NULL,'la'),(103,'lajsdfh','mvmnzxcv','lkj@gthank.ca','iojklnm,','TH','qaz',NULL,'ehkm'),(104,'ghj','iop','here@frt.com','tgb','ik','nothere',NULL,'rfv'),(105,'cvb','dfg','rty@glook.ca','edf','ol','testing',NULL,'yhj'),(106,'Dez','Bryant','hellodez@gmail.com','dez','bc','hello',NULL,'surrey'),(107,'Antonio','Brown','abrown@gmail.com','18 bello road','bc','hello',NULL,'surrey'),(108,'Taylor','Hall','taylorhall@gmail.com','99 Hall Street','BC','hello',NULL,'Surrey'),(109,'Wayne','Gretzky','waynegretzky@gmail.com','tester123','AB','hello',NULL,'test');
/*!40000 ALTER TABLE `User` ENABLE KEYS */;
UNLOCK TABLES;
/*!40103 SET TIME_ZONE=@OLD_TIME_ZONE */;

/*!40101 SET SQL_MODE=@OLD_SQL_MODE */;
/*!40014 SET FOREIGN_KEY_CHECKS=@OLD_FOREIGN_KEY_CHECKS */;
/*!40014 SET UNIQUE_CHECKS=@OLD_UNIQUE_CHECKS */;
/*!40101 SET CHARACTER_SET_CLIENT=@OLD_CHARACTER_SET_CLIENT */;
/*!40101 SET CHARACTER_SET_RESULTS=@OLD_CHARACTER_SET_RESULTS */;
/*!40101 SET COLLATION_CONNECTION=@OLD_COLLATION_CONNECTION */;
/*!40111 SET SQL_NOTES=@OLD_SQL_NOTES */;

-- Dump completed on 2016-03-30 23:10:43
